{
  "window": 50,
  "threshold": 3.0,
  "stats": {
    "cpu_percent": {
      "mean": 37.19328669820692,
      "std": 13.22084153618132
    },
    "ram_percent": {
      "mean": 56.00909884509776,
      "std": 9.358301889571685
    }
  }
}